timeStamp,elapsed,label,responseCode,responseMessage,threadName,dataType,success,failureMessage,bytes,sentBytes,grpThreads,allThreads,URL,Latency,IdleTime,Connect
1624835122068,27,"MyBatis GetAccount Paginate(10,20)",200,,Thread Group 1-1,text,true,,2391,261,1,1,http://localhost:8080/accounts/all,25,0,10
1624835122096,13,"MyBatis GetAccount Paginate(25,15)",200,,Thread Group 1-1,text,true,,5676,261,1,1,http://localhost:8080/accounts/all,12,0,0
1624835122109,12,"MyBatis GetAccount Paginate(100,0)",200,,Thread Group 1-1,text,true,,22389,261,1,1,http://localhost:8080/accounts/all,10,0,0
1624835122122,9,"MyBatis GetAccount Paginate(50,49)",200,,Thread Group 1-1,text,true,,11264,261,1,1,http://localhost:8080/accounts/all,9,0,0
1624835122132,286,MyBatis GetAccount (SORT EMAIL ASC),200,,Thread Group 1-1,text,true,,458128,265,1,1,http://localhost:8080/accounts/all,277,0,0
1624835122419,293,MyBatis GetAccount (SORT EMAIL DESC),200,,Thread Group 1-1,text,true,,457533,266,1,1,http://localhost:8080/accounts/all,284,0,0
1624835122713,277,MyBatis GetAccount (SORT login ASC),200,,Thread Group 1-1,text,true,,456888,265,1,1,http://localhost:8080/accounts/all,269,0,0
1624835122990,303,MyBatis GetAccount (SORT login DESC),200,,Thread Group 1-1,text,true,,455596,266,1,1,http://localhost:8080/accounts/all,295,0,0
1624835123294,322,MyBatis GetAccount 5000,200,,Thread Group 1-1,text,true,,1149700,267,1,1,http://localhost:8080/accounts/all,301,0,0
1624835123617,122,"Hibernate  GetAccount Paginate(10,20)",200,,Thread Group 1-1,text,true,,2564,213,1,1,http://localhost:9090/accounts?pageSize=10&pageNumber=20&sortDirection=ASC&sortBy=id,122,0,1
1624835123740,108,"Hibernate GetAccount Paginate(25,15)",200,,Thread Group 1-1,text,true,,5686,213,1,1,http://localhost:9090/accounts?pageSize=25&pageNumber=15&sortDirection=ASC&sortBy=id,108,0,0
1624835123849,111,"Hibernate GetAccount Paginate(100,0)",200,,Thread Group 1-1,text,true,,21078,213,1,1,http://localhost:9090/accounts?pageSize=100&pageNumber=0&sortDirection=ASC&sortBy=id,110,0,0
1624835123960,112,"Hibernate GetAccount Paginate(50,49)",200,,Thread Group 1-1,text,true,,11047,213,1,1,http://localhost:9090/accounts?pageSize=50&pageNumber=49&sortDirection=ASC&sortBy=id,111,0,0
1624835124072,386,Hibernate GetAccount (SORT EMAIL ASC),200,,Thread Group 1-1,text,true,,426187,217,1,1,http://localhost:9090/accounts?pageSize=2000&pageNumber=0&sortDirection=ASC&sortBy=email,375,0,0
1624835124459,387,Hibernate GetAccount (SORT EMAIL DESC),200,,Thread Group 1-1,text,true,,425728,218,1,1,http://localhost:9090/accounts?pageSize=2000&pageNumber=0&sortDirection=DESC&sortBy=email,375,0,0
1624835124847,403,Hibernate GetAccount (SORT login ASC),200,,Thread Group 1-1,text,true,,425075,217,1,1,http://localhost:9090/accounts?pageSize=2000&pageNumber=0&sortDirection=ASC&sortBy=login,393,0,0
1624835125251,391,Hibernate GetAccount (SORT login DESC),200,,Thread Group 1-1,text,true,,423855,218,1,1,http://localhost:9090/accounts?pageSize=2000&pageNumber=0&sortDirection=DESC&sortBy=login,374,0,0
1624835125642,425,Hibernate  GetAccount 5000,200,,Thread Group 1-1,text,true,,1069942,215,1,1,http://localhost:9090/accounts?pageSize=5000&pageNumber=99&sortDirection=ASC&sortBy=id,401,0,0
1624835126068,8,"MyBatis GetAccount Paginate(10,20)",200,,Thread Group 1-1,text,true,,2391,261,1,1,http://localhost:8080/accounts/all,8,0,0
1624835126077,6,"MyBatis GetAccount Paginate(25,15)",200,,Thread Group 1-1,text,true,,5676,261,1,1,http://localhost:8080/accounts/all,6,0,0
1624835126083,9,"MyBatis GetAccount Paginate(100,0)",200,,Thread Group 1-1,text,true,,22389,261,1,1,http://localhost:8080/accounts/all,8,0,0
1624835126092,11,"MyBatis GetAccount Paginate(50,49)",200,,Thread Group 1-1,text,true,,11264,261,1,1,http://localhost:8080/accounts/all,9,0,0
1624835126104,290,MyBatis GetAccount (SORT EMAIL ASC),200,,Thread Group 1-1,text,true,,458128,265,1,1,http://localhost:8080/accounts/all,282,0,0
1624835126394,285,MyBatis GetAccount (SORT EMAIL DESC),200,,Thread Group 1-1,text,true,,457533,266,1,1,http://localhost:8080/accounts/all,277,0,0
1624835126679,269,MyBatis GetAccount (SORT login ASC),200,,Thread Group 1-1,text,true,,456888,265,1,1,http://localhost:8080/accounts/all,262,0,0
1624835126949,352,MyBatis GetAccount (SORT login DESC),200,,Thread Group 1-1,text,true,,455596,266,1,1,http://localhost:8080/accounts/all,344,0,0
1624835127301,317,MyBatis GetAccount 5000,200,,Thread Group 1-1,text,true,,1149700,267,1,1,http://localhost:8080/accounts/all,299,0,0
1624835127618,110,"Hibernate  GetAccount Paginate(10,20)",200,,Thread Group 1-1,text,true,,2564,213,1,1,http://localhost:9090/accounts?pageSize=10&pageNumber=20&sortDirection=ASC&sortBy=id,109,0,0
1624835127728,106,"Hibernate GetAccount Paginate(25,15)",200,,Thread Group 1-1,text,true,,5686,213,1,1,http://localhost:9090/accounts?pageSize=25&pageNumber=15&sortDirection=ASC&sortBy=id,105,0,0
1624835127835,106,"Hibernate GetAccount Paginate(100,0)",200,,Thread Group 1-1,text,true,,21078,213,1,1,http://localhost:9090/accounts?pageSize=100&pageNumber=0&sortDirection=ASC&sortBy=id,105,0,0
1624835127941,108,"Hibernate GetAccount Paginate(50,49)",200,,Thread Group 1-1,text,true,,11047,213,1,1,http://localhost:9090/accounts?pageSize=50&pageNumber=49&sortDirection=ASC&sortBy=id,108,0,0
1624835128050,444,Hibernate GetAccount (SORT EMAIL ASC),200,,Thread Group 1-1,text,true,,426187,217,1,1,http://localhost:9090/accounts?pageSize=2000&pageNumber=0&sortDirection=ASC&sortBy=email,432,0,0
1624835128494,380,Hibernate GetAccount (SORT EMAIL DESC),200,,Thread Group 1-1,text,true,,425728,218,1,1,http://localhost:9090/accounts?pageSize=2000&pageNumber=0&sortDirection=DESC&sortBy=email,371,0,0
1624835128874,374,Hibernate GetAccount (SORT login ASC),200,,Thread Group 1-1,text,true,,425075,217,1,1,http://localhost:9090/accounts?pageSize=2000&pageNumber=0&sortDirection=ASC&sortBy=login,364,0,0
1624835129248,446,Hibernate GetAccount (SORT login DESC),200,,Thread Group 1-1,text,true,,423855,218,1,1,http://localhost:9090/accounts?pageSize=2000&pageNumber=0&sortDirection=DESC&sortBy=login,436,0,0
1624835129695,349,Hibernate  GetAccount 5000,200,,Thread Group 1-1,text,true,,1069942,215,1,1,http://localhost:9090/accounts?pageSize=5000&pageNumber=99&sortDirection=ASC&sortBy=id,328,0,0
1624835130044,10,"MyBatis GetAccount Paginate(10,20)",200,,Thread Group 1-1,text,true,,2391,261,1,1,http://localhost:8080/accounts/all,9,0,0
1624835130054,6,"MyBatis GetAccount Paginate(25,15)",200,,Thread Group 1-1,text,true,,5676,261,1,1,http://localhost:8080/accounts/all,6,0,0
1624835130061,7,"MyBatis GetAccount Paginate(100,0)",200,,Thread Group 1-1,text,true,,22389,261,1,1,http://localhost:8080/accounts/all,7,0,0
1624835130069,7,"MyBatis GetAccount Paginate(50,49)",200,,Thread Group 1-1,text,true,,11264,261,1,1,http://localhost:8080/accounts/all,6,0,0
1624835130076,278,MyBatis GetAccount (SORT EMAIL ASC),200,,Thread Group 1-1,text,true,,458128,265,1,1,http://localhost:8080/accounts/all,270,0,0
1624835130354,352,MyBatis GetAccount (SORT EMAIL DESC),200,,Thread Group 1-1,text,true,,457533,266,1,1,http://localhost:8080/accounts/all,341,0,0
1624835130707,267,MyBatis GetAccount (SORT login ASC),200,,Thread Group 1-1,text,true,,456888,265,1,1,http://localhost:8080/accounts/all,261,0,0
1624835130975,294,MyBatis GetAccount (SORT login DESC),200,,Thread Group 1-1,text,true,,455596,266,1,1,http://localhost:8080/accounts/all,287,0,0
1624835131269,305,MyBatis GetAccount 5000,200,,Thread Group 1-1,text,true,,1149700,267,1,1,http://localhost:8080/accounts/all,287,0,0
1624835131575,111,"Hibernate  GetAccount Paginate(10,20)",200,,Thread Group 1-1,text,true,,2564,213,1,1,http://localhost:9090/accounts?pageSize=10&pageNumber=20&sortDirection=ASC&sortBy=id,110,0,0
1624835131686,120,"Hibernate GetAccount Paginate(25,15)",200,,Thread Group 1-1,text,true,,5686,213,1,1,http://localhost:9090/accounts?pageSize=25&pageNumber=15&sortDirection=ASC&sortBy=id,119,0,0
1624835131806,106,"Hibernate GetAccount Paginate(100,0)",200,,Thread Group 1-1,text,true,,21078,213,1,1,http://localhost:9090/accounts?pageSize=100&pageNumber=0&sortDirection=ASC&sortBy=id,106,0,0
1624835131913,107,"Hibernate GetAccount Paginate(50,49)",200,,Thread Group 1-1,text,true,,11047,213,1,1,http://localhost:9090/accounts?pageSize=50&pageNumber=49&sortDirection=ASC&sortBy=id,107,0,0
1624835132021,428,Hibernate GetAccount (SORT EMAIL ASC),200,,Thread Group 1-1,text,true,,426187,217,1,1,http://localhost:9090/accounts?pageSize=2000&pageNumber=0&sortDirection=ASC&sortBy=email,417,0,0
1624835132449,471,Hibernate GetAccount (SORT EMAIL DESC),200,,Thread Group 1-1,text,true,,425728,218,1,1,http://localhost:9090/accounts?pageSize=2000&pageNumber=0&sortDirection=DESC&sortBy=email,463,0,0
1624835132921,366,Hibernate GetAccount (SORT login ASC),200,,Thread Group 1-1,text,true,,425075,217,1,1,http://localhost:9090/accounts?pageSize=2000&pageNumber=0&sortDirection=ASC&sortBy=login,357,0,0
1624835133288,371,Hibernate GetAccount (SORT login DESC),200,,Thread Group 1-1,text,true,,423855,218,1,1,http://localhost:9090/accounts?pageSize=2000&pageNumber=0&sortDirection=DESC&sortBy=login,363,0,0
1624835133659,351,Hibernate  GetAccount 5000,200,,Thread Group 1-1,text,true,,1069942,215,1,1,http://localhost:9090/accounts?pageSize=5000&pageNumber=99&sortDirection=ASC&sortBy=id,332,0,0
1624835134010,11,"MyBatis GetAccount Paginate(10,20)",200,,Thread Group 1-1,text,true,,2391,261,1,1,http://localhost:8080/accounts/all,10,0,0
1624835134021,6,"MyBatis GetAccount Paginate(25,15)",200,,Thread Group 1-1,text,true,,5676,261,1,1,http://localhost:8080/accounts/all,6,0,0
1624835134028,7,"MyBatis GetAccount Paginate(100,0)",200,,Thread Group 1-1,text,true,,22389,261,1,1,http://localhost:8080/accounts/all,6,0,0
1624835134036,6,"MyBatis GetAccount Paginate(50,49)",200,,Thread Group 1-1,text,true,,11264,261,1,1,http://localhost:8080/accounts/all,5,0,0
1624835134043,280,MyBatis GetAccount (SORT EMAIL ASC),200,,Thread Group 1-1,text,true,,458128,265,1,1,http://localhost:8080/accounts/all,273,0,0
1624835134323,279,MyBatis GetAccount (SORT EMAIL DESC),200,,Thread Group 1-1,text,true,,457533,266,1,1,http://localhost:8080/accounts/all,271,0,0
1624835134603,270,MyBatis GetAccount (SORT login ASC),200,,Thread Group 1-1,text,true,,456888,265,1,1,http://localhost:8080/accounts/all,263,0,0
1624835134874,288,MyBatis GetAccount (SORT login DESC),200,,Thread Group 1-1,text,true,,455596,266,1,1,http://localhost:8080/accounts/all,280,0,0
1624835135163,313,MyBatis GetAccount 5000,200,,Thread Group 1-1,text,true,,1149700,267,1,1,http://localhost:8080/accounts/all,297,0,0
1624835135476,104,"Hibernate  GetAccount Paginate(10,20)",200,,Thread Group 1-1,text,true,,2564,213,1,1,http://localhost:9090/accounts?pageSize=10&pageNumber=20&sortDirection=ASC&sortBy=id,104,0,0
1624835135581,106,"Hibernate GetAccount Paginate(25,15)",200,,Thread Group 1-1,text,true,,5686,213,1,1,http://localhost:9090/accounts?pageSize=25&pageNumber=15&sortDirection=ASC&sortBy=id,106,0,0
1624835135688,111,"Hibernate GetAccount Paginate(100,0)",200,,Thread Group 1-1,text,true,,21078,213,1,1,http://localhost:9090/accounts?pageSize=100&pageNumber=0&sortDirection=ASC&sortBy=id,110,0,0
1624835135799,111,"Hibernate GetAccount Paginate(50,49)",200,,Thread Group 1-1,text,true,,11047,213,1,1,http://localhost:9090/accounts?pageSize=50&pageNumber=49&sortDirection=ASC&sortBy=id,110,0,0
1624835135910,357,Hibernate GetAccount (SORT EMAIL ASC),200,,Thread Group 1-1,text,true,,426187,217,1,1,http://localhost:9090/accounts?pageSize=2000&pageNumber=0&sortDirection=ASC&sortBy=email,350,0,0
1624835136268,372,Hibernate GetAccount (SORT EMAIL DESC),200,,Thread Group 1-1,text,true,,425728,218,1,1,http://localhost:9090/accounts?pageSize=2000&pageNumber=0&sortDirection=DESC&sortBy=email,366,0,0
1624835136642,360,Hibernate GetAccount (SORT login ASC),200,,Thread Group 1-1,text,true,,425075,217,1,1,http://localhost:9090/accounts?pageSize=2000&pageNumber=0&sortDirection=ASC&sortBy=login,352,0,0
1624835137002,378,Hibernate GetAccount (SORT login DESC),200,,Thread Group 1-1,text,true,,423855,218,1,1,http://localhost:9090/accounts?pageSize=2000&pageNumber=0&sortDirection=DESC&sortBy=login,370,0,0
1624835137380,357,Hibernate  GetAccount 5000,200,,Thread Group 1-1,text,true,,1069942,215,1,1,http://localhost:9090/accounts?pageSize=5000&pageNumber=99&sortDirection=ASC&sortBy=id,338,0,0
1624835137737,8,"MyBatis GetAccount Paginate(10,20)",200,,Thread Group 1-1,text,true,,2391,261,1,1,http://localhost:8080/accounts/all,7,0,0
1624835137745,6,"MyBatis GetAccount Paginate(25,15)",200,,Thread Group 1-1,text,true,,5676,261,1,1,http://localhost:8080/accounts/all,5,0,0
1624835137751,7,"MyBatis GetAccount Paginate(100,0)",200,,Thread Group 1-1,text,true,,22389,261,1,1,http://localhost:8080/accounts/all,6,0,0
1624835137758,7,"MyBatis GetAccount Paginate(50,49)",200,,Thread Group 1-1,text,true,,11264,261,1,1,http://localhost:8080/accounts/all,6,0,0
1624835137765,276,MyBatis GetAccount (SORT EMAIL ASC),200,,Thread Group 1-1,text,true,,458128,265,1,1,http://localhost:8080/accounts/all,269,0,0
1624835138041,279,MyBatis GetAccount (SORT EMAIL DESC),200,,Thread Group 1-1,text,true,,457533,266,1,1,http://localhost:8080/accounts/all,272,0,0
1624835138320,280,MyBatis GetAccount (SORT login ASC),200,,Thread Group 1-1,text,true,,456888,265,1,1,http://localhost:8080/accounts/all,274,0,0
1624835138601,277,MyBatis GetAccount (SORT login DESC),200,,Thread Group 1-1,text,true,,455596,266,1,1,http://localhost:8080/accounts/all,271,0,0
1624835138879,306,MyBatis GetAccount 5000,200,,Thread Group 1-1,text,true,,1149700,267,1,1,http://localhost:8080/accounts/all,289,0,0
1624835139186,105,"Hibernate  GetAccount Paginate(10,20)",200,,Thread Group 1-1,text,true,,2564,213,1,1,http://localhost:9090/accounts?pageSize=10&pageNumber=20&sortDirection=ASC&sortBy=id,104,0,0
1624835139291,108,"Hibernate GetAccount Paginate(25,15)",200,,Thread Group 1-1,text,true,,5686,213,1,1,http://localhost:9090/accounts?pageSize=25&pageNumber=15&sortDirection=ASC&sortBy=id,108,0,0
1624835139399,108,"Hibernate GetAccount Paginate(100,0)",200,,Thread Group 1-1,text,true,,21078,213,1,1,http://localhost:9090/accounts?pageSize=100&pageNumber=0&sortDirection=ASC&sortBy=id,108,0,0
1624835139508,114,"Hibernate GetAccount Paginate(50,49)",200,,Thread Group 1-1,text,true,,11047,213,1,1,http://localhost:9090/accounts?pageSize=50&pageNumber=49&sortDirection=ASC&sortBy=id,113,0,0
1624835139622,365,Hibernate GetAccount (SORT EMAIL ASC),200,,Thread Group 1-1,text,true,,426187,217,1,1,http://localhost:9090/accounts?pageSize=2000&pageNumber=0&sortDirection=ASC&sortBy=email,358,0,0
1624835139988,376,Hibernate GetAccount (SORT EMAIL DESC),200,,Thread Group 1-1,text,true,,425728,218,1,1,http://localhost:9090/accounts?pageSize=2000&pageNumber=0&sortDirection=DESC&sortBy=email,368,0,0
1624835140364,372,Hibernate GetAccount (SORT login ASC),200,,Thread Group 1-1,text,true,,425075,217,1,1,http://localhost:9090/accounts?pageSize=2000&pageNumber=0&sortDirection=ASC&sortBy=login,365,0,0
1624835140736,443,Hibernate GetAccount (SORT login DESC),200,,Thread Group 1-1,text,true,,423855,218,1,1,http://localhost:9090/accounts?pageSize=2000&pageNumber=0&sortDirection=DESC&sortBy=login,437,0,0
1624835141180,367,Hibernate  GetAccount 5000,200,,Thread Group 1-1,text,true,,1069942,215,1,1,http://localhost:9090/accounts?pageSize=5000&pageNumber=99&sortDirection=ASC&sortBy=id,346,0,0
1624835141547,9,"MyBatis GetAccount Paginate(10,20)",200,,Thread Group 1-1,text,true,,2391,261,1,1,http://localhost:8080/accounts/all,8,0,0
1624835141556,8,"MyBatis GetAccount Paginate(25,15)",200,,Thread Group 1-1,text,true,,5676,261,1,1,http://localhost:8080/accounts/all,7,0,0
1624835141564,9,"MyBatis GetAccount Paginate(100,0)",200,,Thread Group 1-1,text,true,,22389,261,1,1,http://localhost:8080/accounts/all,8,0,0
1624835141573,8,"MyBatis GetAccount Paginate(50,49)",200,,Thread Group 1-1,text,true,,11264,261,1,1,http://localhost:8080/accounts/all,7,0,0
1624835141582,321,MyBatis GetAccount (SORT EMAIL ASC),200,,Thread Group 1-1,text,true,,458128,265,1,1,http://localhost:8080/accounts/all,314,0,0
1624835141903,280,MyBatis GetAccount (SORT EMAIL DESC),200,,Thread Group 1-1,text,true,,457533,266,1,1,http://localhost:8080/accounts/all,274,0,0
1624835142184,271,MyBatis GetAccount (SORT login ASC),200,,Thread Group 1-1,text,true,,456888,265,1,1,http://localhost:8080/accounts/all,264,0,0
1624835142455,282,MyBatis GetAccount (SORT login DESC),200,,Thread Group 1-1,text,true,,455596,266,1,1,http://localhost:8080/accounts/all,276,0,0
1624835142738,307,MyBatis GetAccount 5000,200,,Thread Group 1-1,text,true,,1149700,267,1,1,http://localhost:8080/accounts/all,292,0,0
1624835143046,110,"Hibernate  GetAccount Paginate(10,20)",200,,Thread Group 1-1,text,true,,2564,213,1,1,http://localhost:9090/accounts?pageSize=10&pageNumber=20&sortDirection=ASC&sortBy=id,110,0,0
1624835143156,109,"Hibernate GetAccount Paginate(25,15)",200,,Thread Group 1-1,text,true,,5686,213,1,1,http://localhost:9090/accounts?pageSize=25&pageNumber=15&sortDirection=ASC&sortBy=id,108,0,0
1624835143265,105,"Hibernate GetAccount Paginate(100,0)",200,,Thread Group 1-1,text,true,,21078,213,1,1,http://localhost:9090/accounts?pageSize=100&pageNumber=0&sortDirection=ASC&sortBy=id,104,0,0
1624835143370,110,"Hibernate GetAccount Paginate(50,49)",200,,Thread Group 1-1,text,true,,11047,213,1,1,http://localhost:9090/accounts?pageSize=50&pageNumber=49&sortDirection=ASC&sortBy=id,110,0,0
1624835143481,370,Hibernate GetAccount (SORT EMAIL ASC),200,,Thread Group 1-1,text,true,,426187,217,1,1,http://localhost:9090/accounts?pageSize=2000&pageNumber=0&sortDirection=ASC&sortBy=email,362,0,0
1624835143851,377,Hibernate GetAccount (SORT EMAIL DESC),200,,Thread Group 1-1,text,true,,425728,218,1,1,http://localhost:9090/accounts?pageSize=2000&pageNumber=0&sortDirection=DESC&sortBy=email,370,0,0
1624835144228,361,Hibernate GetAccount (SORT login ASC),200,,Thread Group 1-1,text,true,,425075,217,1,1,http://localhost:9090/accounts?pageSize=2000&pageNumber=0&sortDirection=ASC&sortBy=login,354,0,0
1624835144589,376,Hibernate GetAccount (SORT login DESC),200,,Thread Group 1-1,text,true,,423855,218,1,1,http://localhost:9090/accounts?pageSize=2000&pageNumber=0&sortDirection=DESC&sortBy=login,368,0,0
1624835144965,356,Hibernate  GetAccount 5000,200,,Thread Group 1-1,text,true,,1069942,215,1,1,http://localhost:9090/accounts?pageSize=5000&pageNumber=99&sortDirection=ASC&sortBy=id,337,0,0
1624835145321,7,"MyBatis GetAccount Paginate(10,20)",200,,Thread Group 1-1,text,true,,2391,261,1,1,http://localhost:8080/accounts/all,7,0,0
1624835145329,5,"MyBatis GetAccount Paginate(25,15)",200,,Thread Group 1-1,text,true,,5676,261,1,1,http://localhost:8080/accounts/all,5,0,0
1624835145334,7,"MyBatis GetAccount Paginate(100,0)",200,,Thread Group 1-1,text,true,,22389,261,1,1,http://localhost:8080/accounts/all,6,0,0
1624835145341,6,"MyBatis GetAccount Paginate(50,49)",200,,Thread Group 1-1,text,true,,11264,261,1,1,http://localhost:8080/accounts/all,6,0,0
1624835145348,281,MyBatis GetAccount (SORT EMAIL ASC),200,,Thread Group 1-1,text,true,,458128,265,1,1,http://localhost:8080/accounts/all,271,0,0
1624835145629,296,MyBatis GetAccount (SORT EMAIL DESC),200,,Thread Group 1-1,text,true,,457533,266,1,1,http://localhost:8080/accounts/all,287,0,0
1624835145925,283,MyBatis GetAccount (SORT login ASC),200,,Thread Group 1-1,text,true,,456888,265,1,1,http://localhost:8080/accounts/all,274,0,0
1624835146209,292,MyBatis GetAccount (SORT login DESC),200,,Thread Group 1-1,text,true,,455596,266,1,1,http://localhost:8080/accounts/all,284,0,0
1624835146501,327,MyBatis GetAccount 5000,200,,Thread Group 1-1,text,true,,1149700,267,1,1,http://localhost:8080/accounts/all,313,0,0
1624835146828,103,"Hibernate  GetAccount Paginate(10,20)",200,,Thread Group 1-1,text,true,,2564,213,1,1,http://localhost:9090/accounts?pageSize=10&pageNumber=20&sortDirection=ASC&sortBy=id,103,0,0
1624835146932,106,"Hibernate GetAccount Paginate(25,15)",200,,Thread Group 1-1,text,true,,5686,213,1,1,http://localhost:9090/accounts?pageSize=25&pageNumber=15&sortDirection=ASC&sortBy=id,106,0,0
1624835147038,109,"Hibernate GetAccount Paginate(100,0)",200,,Thread Group 1-1,text,true,,21078,213,1,1,http://localhost:9090/accounts?pageSize=100&pageNumber=0&sortDirection=ASC&sortBy=id,108,0,0
1624835147147,106,"Hibernate GetAccount Paginate(50,49)",200,,Thread Group 1-1,text,true,,11047,213,1,1,http://localhost:9090/accounts?pageSize=50&pageNumber=49&sortDirection=ASC&sortBy=id,106,0,0
1624835147254,363,Hibernate GetAccount (SORT EMAIL ASC),200,,Thread Group 1-1,text,true,,426187,217,1,1,http://localhost:9090/accounts?pageSize=2000&pageNumber=0&sortDirection=ASC&sortBy=email,356,0,0
1624835147618,378,Hibernate GetAccount (SORT EMAIL DESC),200,,Thread Group 1-1,text,true,,425728,218,1,1,http://localhost:9090/accounts?pageSize=2000&pageNumber=0&sortDirection=DESC&sortBy=email,371,0,0
1624835147996,363,Hibernate GetAccount (SORT login ASC),200,,Thread Group 1-1,text,true,,425075,217,1,1,http://localhost:9090/accounts?pageSize=2000&pageNumber=0&sortDirection=ASC&sortBy=login,356,0,0
1624835148359,375,Hibernate GetAccount (SORT login DESC),200,,Thread Group 1-1,text,true,,423855,218,1,1,http://localhost:9090/accounts?pageSize=2000&pageNumber=0&sortDirection=DESC&sortBy=login,366,0,0
1624835148735,358,Hibernate  GetAccount 5000,200,,Thread Group 1-1,text,true,,1069942,215,1,1,http://localhost:9090/accounts?pageSize=5000&pageNumber=99&sortDirection=ASC&sortBy=id,338,0,0
1624835149093,7,"MyBatis GetAccount Paginate(10,20)",200,,Thread Group 1-1,text,true,,2391,261,1,1,http://localhost:8080/accounts/all,7,0,0
1624835149101,5,"MyBatis GetAccount Paginate(25,15)",200,,Thread Group 1-1,text,true,,5676,261,1,1,http://localhost:8080/accounts/all,4,0,0
1624835149106,7,"MyBatis GetAccount Paginate(100,0)",200,,Thread Group 1-1,text,true,,22389,261,1,1,http://localhost:8080/accounts/all,6,0,0
1624835149113,6,"MyBatis GetAccount Paginate(50,49)",200,,Thread Group 1-1,text,true,,11264,261,1,1,http://localhost:8080/accounts/all,5,0,0
1624835149119,269,MyBatis GetAccount (SORT EMAIL ASC),200,,Thread Group 1-1,text,true,,458128,265,1,1,http://localhost:8080/accounts/all,262,0,0
1624835149388,283,MyBatis GetAccount (SORT EMAIL DESC),200,,Thread Group 1-1,text,true,,457533,266,1,1,http://localhost:8080/accounts/all,276,0,0
1624835149672,276,MyBatis GetAccount (SORT login ASC),200,,Thread Group 1-1,text,true,,456888,265,1,1,http://localhost:8080/accounts/all,270,0,0
1624835149949,282,MyBatis GetAccount (SORT login DESC),200,,Thread Group 1-1,text,true,,455596,266,1,1,http://localhost:8080/accounts/all,274,0,0
1624835150231,320,MyBatis GetAccount 5000,200,,Thread Group 1-1,text,true,,1149700,267,1,1,http://localhost:8080/accounts/all,296,0,0
1624835150551,124,"Hibernate  GetAccount Paginate(10,20)",200,,Thread Group 1-1,text,true,,2564,213,1,1,http://localhost:9090/accounts?pageSize=10&pageNumber=20&sortDirection=ASC&sortBy=id,124,0,0
1624835150676,122,"Hibernate GetAccount Paginate(25,15)",200,,Thread Group 1-1,text,true,,5686,213,1,1,http://localhost:9090/accounts?pageSize=25&pageNumber=15&sortDirection=ASC&sortBy=id,121,0,0
1624835150798,106,"Hibernate GetAccount Paginate(100,0)",200,,Thread Group 1-1,text,true,,21078,213,1,1,http://localhost:9090/accounts?pageSize=100&pageNumber=0&sortDirection=ASC&sortBy=id,106,0,0
1624835150905,104,"Hibernate GetAccount Paginate(50,49)",200,,Thread Group 1-1,text,true,,11047,213,1,1,http://localhost:9090/accounts?pageSize=50&pageNumber=49&sortDirection=ASC&sortBy=id,104,0,0
1624835151010,419,Hibernate GetAccount (SORT EMAIL ASC),200,,Thread Group 1-1,text,true,,426187,217,1,1,http://localhost:9090/accounts?pageSize=2000&pageNumber=0&sortDirection=ASC&sortBy=email,411,0,0
1624835151429,478,Hibernate GetAccount (SORT EMAIL DESC),200,,Thread Group 1-1,text,true,,425728,218,1,1,http://localhost:9090/accounts?pageSize=2000&pageNumber=0&sortDirection=DESC&sortBy=email,470,0,0
1624835151908,484,Hibernate GetAccount (SORT login ASC),200,,Thread Group 1-1,text,true,,425075,217,1,1,http://localhost:9090/accounts?pageSize=2000&pageNumber=0&sortDirection=ASC&sortBy=login,474,0,0
1624835152392,528,Hibernate GetAccount (SORT login DESC),200,,Thread Group 1-1,text,true,,423855,218,1,1,http://localhost:9090/accounts?pageSize=2000&pageNumber=0&sortDirection=DESC&sortBy=login,519,0,0
1624835152921,475,Hibernate  GetAccount 5000,200,,Thread Group 1-1,text,true,,1069942,215,1,1,http://localhost:9090/accounts?pageSize=5000&pageNumber=99&sortDirection=ASC&sortBy=id,454,0,0
1624835153396,7,"MyBatis GetAccount Paginate(10,20)",200,,Thread Group 1-1,text,true,,2391,261,1,1,http://localhost:8080/accounts/all,6,0,0
1624835153403,5,"MyBatis GetAccount Paginate(25,15)",200,,Thread Group 1-1,text,true,,5676,261,1,1,http://localhost:8080/accounts/all,5,0,0
1624835153408,7,"MyBatis GetAccount Paginate(100,0)",200,,Thread Group 1-1,text,true,,22389,261,1,1,http://localhost:8080/accounts/all,6,0,0
1624835153415,7,"MyBatis GetAccount Paginate(50,49)",200,,Thread Group 1-1,text,true,,11264,261,1,1,http://localhost:8080/accounts/all,6,0,0
1624835153422,301,MyBatis GetAccount (SORT EMAIL ASC),200,,Thread Group 1-1,text,true,,458128,265,1,1,http://localhost:8080/accounts/all,293,0,0
1624835153723,289,MyBatis GetAccount (SORT EMAIL DESC),200,,Thread Group 1-1,text,true,,457533,266,1,1,http://localhost:8080/accounts/all,282,0,0
1624835154012,274,MyBatis GetAccount (SORT login ASC),200,,Thread Group 1-1,text,true,,456888,265,1,1,http://localhost:8080/accounts/all,266,0,0
1624835154286,275,MyBatis GetAccount (SORT login DESC),200,,Thread Group 1-1,text,true,,455596,266,1,1,http://localhost:8080/accounts/all,268,0,0
1624835154562,308,MyBatis GetAccount 5000,200,,Thread Group 1-1,text,true,,1149700,267,1,1,http://localhost:8080/accounts/all,291,0,0
1624835154870,107,"Hibernate  GetAccount Paginate(10,20)",200,,Thread Group 1-1,text,true,,2564,213,1,1,http://localhost:9090/accounts?pageSize=10&pageNumber=20&sortDirection=ASC&sortBy=id,107,0,0
1624835154977,104,"Hibernate GetAccount Paginate(25,15)",200,,Thread Group 1-1,text,true,,5686,213,1,1,http://localhost:9090/accounts?pageSize=25&pageNumber=15&sortDirection=ASC&sortBy=id,104,0,0
1624835155081,111,"Hibernate GetAccount Paginate(100,0)",200,,Thread Group 1-1,text,true,,21078,213,1,1,http://localhost:9090/accounts?pageSize=100&pageNumber=0&sortDirection=ASC&sortBy=id,110,0,0
1624835155192,128,"Hibernate GetAccount Paginate(50,49)",200,,Thread Group 1-1,text,true,,11047,213,1,1,http://localhost:9090/accounts?pageSize=50&pageNumber=49&sortDirection=ASC&sortBy=id,127,0,0
1624835155320,365,Hibernate GetAccount (SORT EMAIL ASC),200,,Thread Group 1-1,text,true,,426187,217,1,1,http://localhost:9090/accounts?pageSize=2000&pageNumber=0&sortDirection=ASC&sortBy=email,357,0,0
1624835155686,379,Hibernate GetAccount (SORT EMAIL DESC),200,,Thread Group 1-1,text,true,,425728,218,1,1,http://localhost:9090/accounts?pageSize=2000&pageNumber=0&sortDirection=DESC&sortBy=email,372,0,0
1624835156066,366,Hibernate GetAccount (SORT login ASC),200,,Thread Group 1-1,text,true,,425075,217,1,1,http://localhost:9090/accounts?pageSize=2000&pageNumber=0&sortDirection=ASC&sortBy=login,359,0,0
1624835156434,375,Hibernate GetAccount (SORT login DESC),200,,Thread Group 1-1,text,true,,423855,218,1,1,http://localhost:9090/accounts?pageSize=2000&pageNumber=0&sortDirection=DESC&sortBy=login,368,0,0
1624835156809,347,Hibernate  GetAccount 5000,200,,Thread Group 1-1,text,true,,1069942,215,1,1,http://localhost:9090/accounts?pageSize=5000&pageNumber=99&sortDirection=ASC&sortBy=id,329,0,0
1624835157156,7,"MyBatis GetAccount Paginate(10,20)",200,,Thread Group 1-1,text,true,,2391,261,1,1,http://localhost:8080/accounts/all,7,0,0
1624835157164,8,"MyBatis GetAccount Paginate(25,15)",200,,Thread Group 1-1,text,true,,5676,261,1,1,http://localhost:8080/accounts/all,7,0,0
1624835157172,7,"MyBatis GetAccount Paginate(100,0)",200,,Thread Group 1-1,text,true,,22389,261,1,1,http://localhost:8080/accounts/all,7,0,0
1624835157179,6,"MyBatis GetAccount Paginate(50,49)",200,,Thread Group 1-1,text,true,,11264,261,1,1,http://localhost:8080/accounts/all,6,0,0
1624835157186,273,MyBatis GetAccount (SORT EMAIL ASC),200,,Thread Group 1-1,text,true,,458128,265,1,1,http://localhost:8080/accounts/all,266,0,0
1624835157460,285,MyBatis GetAccount (SORT EMAIL DESC),200,,Thread Group 1-1,text,true,,457533,266,1,1,http://localhost:8080/accounts/all,278,0,0
1624835157746,271,MyBatis GetAccount (SORT login ASC),200,,Thread Group 1-1,text,true,,456888,265,1,1,http://localhost:8080/accounts/all,259,0,0
1624835158017,282,MyBatis GetAccount (SORT login DESC),200,,Thread Group 1-1,text,true,,455596,266,1,1,http://localhost:8080/accounts/all,273,0,0
1624835158299,310,MyBatis GetAccount 5000,200,,Thread Group 1-1,text,true,,1149700,267,1,1,http://localhost:8080/accounts/all,291,0,0
1624835158610,109,"Hibernate  GetAccount Paginate(10,20)",200,,Thread Group 1-1,text,true,,2564,213,1,1,http://localhost:9090/accounts?pageSize=10&pageNumber=20&sortDirection=ASC&sortBy=id,109,0,0
1624835158720,106,"Hibernate GetAccount Paginate(25,15)",200,,Thread Group 1-1,text,true,,5686,213,1,1,http://localhost:9090/accounts?pageSize=25&pageNumber=15&sortDirection=ASC&sortBy=id,106,0,0
1624835158827,107,"Hibernate GetAccount Paginate(100,0)",200,,Thread Group 1-1,text,true,,21078,213,1,1,http://localhost:9090/accounts?pageSize=100&pageNumber=0&sortDirection=ASC&sortBy=id,107,0,0
1624835158935,108,"Hibernate GetAccount Paginate(50,49)",200,,Thread Group 1-1,text,true,,11047,213,1,1,http://localhost:9090/accounts?pageSize=50&pageNumber=49&sortDirection=ASC&sortBy=id,107,0,0
1624835159043,370,Hibernate GetAccount (SORT EMAIL ASC),200,,Thread Group 1-1,text,true,,426187,217,1,1,http://localhost:9090/accounts?pageSize=2000&pageNumber=0&sortDirection=ASC&sortBy=email,362,0,0
1624835159413,379,Hibernate GetAccount (SORT EMAIL DESC),200,,Thread Group 1-1,text,true,,425728,218,1,1,http://localhost:9090/accounts?pageSize=2000&pageNumber=0&sortDirection=DESC&sortBy=email,371,0,0
1624835159792,364,Hibernate GetAccount (SORT login ASC),200,,Thread Group 1-1,text,true,,425075,217,1,1,http://localhost:9090/accounts?pageSize=2000&pageNumber=0&sortDirection=ASC&sortBy=login,357,0,0
1624835160157,377,Hibernate GetAccount (SORT login DESC),200,,Thread Group 1-1,text,true,,423855,218,1,1,http://localhost:9090/accounts?pageSize=2000&pageNumber=0&sortDirection=DESC&sortBy=login,368,0,0
1624835160534,346,Hibernate  GetAccount 5000,200,,Thread Group 1-1,text,true,,1069942,215,1,1,http://localhost:9090/accounts?pageSize=5000&pageNumber=99&sortDirection=ASC&sortBy=id,327,0,0
